id	first_name	last_name	email	gender	ip_address
1	Krista	Filipovic	kfilipovic0@sakura.ne.jp	Female	76.248.232.112
2	Lucius	Goult	lgoult1@gizmodo.com	Male	83.165.84.180
3	Torin	Lynds	tlynds2@wufoo.com	Male	155.205.39.46
4	Trina	Stern	tstern3@mit.edu	Female	223.229.134.131
5	Johnathon	Moulson	jmoulson4@europa.eu	Male	112.67.217.165
6	Jeramey	Clementel	jclementel5@wisc.edu	Male	175.50.234.198
7	Purcell	Liddicoat	pliddicoat6@soundcloud.com	Male	87.95.227.20
8	Lemmy	Laying	llaying7@economist.com	Male	155.65.153.236
9	Nat	Poynor	npoynor8@theatlantic.com		247.228.113.123
10	Stewart	Nance	snance9@freewebs.com	Male	33.202.75.18
11	Chere	Allaway	callawaya@stanford.edu	Female	124.169.242.211
12	Wanids	Kerwin	wkerwinb@howstuffworks.com	Female	89.107.124.215
13	Antons	Poyzer	apoyzerc@google.ru	Male	87.50.62.43
14	Tyne	Ellick	tellickd@seattletimes.com	Female	3.104.209.197
15	Cal	Rolfs	crolfse@imgur.com	Female	243.119.173.0
16	Brianne	Pillman	bpillmanf@ed.gov	Female	144.76.36.158
17	Basil	O'Keenan	bokeenang@gnu.org	Male	43.94.135.219
18	Vale	Hallagan	vhallaganh@dion.ne.jp	Male	12.65.187.142
19	Renelle	Glayzer	rglayzeri@google.com.br	Female	34.113.203.106
20	Rhonda	Conisbee	rconisbeej@nps.gov	Female	64.32.227.5
21	Demeter	Kilgour	dkilgourk@umich.edu	Female	87.176.193.245
22	Ashby	Dench	adenchl@oracle.com	Male	151.54.215.9
23	Edmund	Hanney	ehanneym@baidu.com		40.125.66.7
24	Anetta	Bubbings	abubbingsn@reference.com	Female	205.215.2.187
25	Etienne	Conti	econtio@va.gov		214.98.69.142
26	Lydon	McGibbon	lmcgibbonp@hugedomains.com	Male	55.252.45.101
27	Jim	Kewish	jkewishq@artisteer.com		164.132.232.228
28	Virgie	Goeff	vgoeffr@sbwire.com	Male	54.174.29.200
29	Cecilla	Dibling	cdiblings@icq.com	Female	102.167.102.33
30	Bunny	Cesconi	bcesconit@flickr.com	Female	51.72.4.245
31	Nevil	Lancastle	nlancastleu@parallels.com	Male	44.87.45.228
32	Darrin	Verty	dvertyv@moonfruit.com	Male	103.180.93.143
33	Leah	Hoyer	lhoyerw@seesaa.net	Female	144.202.231.124
34	Neville	O' Liddy	noliddyx@utexas.edu	Male	143.104.32.234
35	Diarmid	Marling	dmarlingy@ft.com	Male	129.154.16.241
36	Kimbra	D'Cruze	kdcruzez@google.com.au	Female	122.128.237.108
37	Lyn	Hurlestone	lhurlestone10@mysql.com	Female	196.65.68.88
38	Valerye	Marland	vmarland11@free.fr	Female	43.254.5.99
39	Remington	Harnwell	rharnwell12@irs.gov	Male	171.85.213.59
40	Brocky	Niessen	bniessen13@cbsnews.com	Male	87.239.150.140
41	Valida	Scyner	vscyner14@reddit.com	Female	26.133.170.163
42	Forbes	Thomason	fthomason15@histats.com	Male	155.69.171.8
43	Mil	Eidelman	meidelman16@themeforest.net		113.30.27.101
44	Godart	Champain	gchampain17@netvibes.com	Male	112.149.97.87
45	Lemar	Windaybank	lwindaybank18@reuters.com	Male	174.222.36.66
46	Gibb	Doll	gdoll19@huffingtonpost.com	Male	94.1.249.82
47	Janine	Taaffe	jtaaffe1a@exblog.jp	Female	83.31.241.125
48	Waly	Chicchetto	wchicchetto1b@newyorker.com	Female	84.52.160.197
49	Cozmo	Lundberg	clundberg1c@sohu.com	Male	98.116.228.8
50	Karlen	Henrion	khenrion1d@google.ca		156.71.32.144
51	Kitty	Tambling	ktambling1e@wikipedia.org	Female	176.69.248.63
52	Amelie	Beneix	abeneix1f@aboutads.info	Female	233.154.159.67
53	Caron	Durbyn	cdurbyn1g@t-online.de	Female	46.48.197.186
54	Chere	Kiss	ckiss1h@quantcast.com	Female	155.249.45.222
55	Concettina	Willder	cwillder1i@i2i.jp	Female	26.161.132.57
56	Igor	Hritzko	ihritzko1j@businessweek.com	Male	174.162.68.203
57	Mariette	Woolfitt	mwoolfitt1k@dailymotion.com	Female	132.218.137.73
58	Jania	Vaz	jvaz1l@intel.com	Female	131.142.77.175
59	Mattheus	Pollendine	mpollendine1m@sitemeter.com	Male	156.198.195.103
60	Sonnie	Lilley	slilley1n@fotki.com	Male	208.173.23.221
61	Anatollo	Late	alate1o@spotify.com	Male	14.23.66.109
62	Madalena	Kelsall	mkelsall1p@pinterest.com		239.80.15.9
63	Vic	Gonneau	vgonneau1q@sfgate.com	Male	67.179.31.51
64	Maureen	Louca	mlouca1r@yolasite.com	Female	92.217.147.154
65	Phylys	Collishaw	pcollishaw1s@mapquest.com	Female	2.107.185.121
66	Anabella	Maxsted	amaxsted1t@usda.gov	Female	136.231.119.44
67	Tresa	Scranney	tscranney1u@free.fr	Female	33.217.200.185
68	Lethia	Aven	laven1v@hibu.com	Female	241.115.239.86
69	Desi	Summerson	dsummerson1w@hibu.com	Male	54.37.189.40
70	Jarid	Chree	jchree1x@mediafire.com	Male	62.99.103.135
71	Silas	Clampett	sclampett1y@domainmarket.com	Male	118.229.90.17
72	Jermaine	Diem	jdiem1z@wikispaces.com	Female	86.134.153.57
73	Corry	Bowshire	cbowshire20@flickr.com	Female	20.225.11.187
74	Sigfried	Domm	sdomm21@dropbox.com	Male	115.145.156.38
75	Jamal	Oliphant	joliphant22@elegantthemes.com	Male	60.134.36.251
76	Jodi	Sitwell	jsitwell23@buzzfeed.com	Male	167.9.58.91
77	Mariann	Bradden	mbradden24@google.it	Female	141.243.190.178
78	Merry	Godly	mgodly25@hhs.gov	Male	147.225.74.172
79	Ardis	Aleksandrikin	aaleksandrikin26@oracle.com	Female	230.140.158.21
80	Fairfax	Grumley	fgrumley27@mozilla.org	Male	19.249.188.189
81	Emmey	Joynes	ejoynes28@adobe.com	Female	9.94.244.57
82	Valaree	Gresty	vgresty29@mayoclinic.com	Female	158.41.50.39
83	Marcie	Wenban	mwenban2a@phpbb.com		188.116.161.42
84	Nelle	Kilby	nkilby2b@oaic.gov.au	Female	233.42.209.89
85	Cletus	Darrell	cdarrell2c@yahoo.co.jp	Male	87.252.138.195
86	Horten	Chown	hchown2d@so-net.ne.jp	Male	182.48.158.142
87	Iggie	Cardenoso	icardenoso2e@google.co.jp	Male	98.35.12.190
88	Wylma	Passby	wpassby2f@un.org	Female	37.10.36.43
89	Hank	McArley	hmcarley2g@tinypic.com	Male	128.253.4.2
90	Chicky	Simek	csimek2h@irs.gov	Female	2.221.132.239
91	Lannie	Besset	lbesset2i@sbwire.com	Male	198.104.236.2
92	Moise	Radenhurst	mradenhurst2j@microsoft.com	Male	100.243.233.251
93	Thain	Tytler	ttytler2k@shop-pro.jp	Male	167.222.251.55
94	Tamar	Brader	tbrader2l@dagondesign.com	Female	98.99.38.138
95	Celka	Aldam	caldam2m@123-reg.co.uk	Female	97.15.158.178
96	Claudius	Winspeare	cwinspeare2n@chron.com	Male	18.118.63.10
97	Carr	Figliovanni	cfigliovanni2o@elegantthemes.com	Male	29.188.171.165
98	Tasia	Bedbury	tbedbury2p@ted.com	Female	123.82.3.197
99	Rooney	Macallam	rmacallam2q@theatlantic.com		241.100.245.208
100	Ashien	Klimczak	aklimczak2r@mozilla.com	Female	20.251.255.97
101	Kirstin	Salvadore	ksalvadore2s@histats.com	Female	253.54.79.49
102	Guntar	Delleschi	gdelleschi2t@ning.com	Male	109.17.158.121
103	Christa	D'orsay	cdorsay2u@nasa.gov	Female	205.1.253.83
104	Mehetabel	Philcott	mphilcott2v@scientificamerican.com	Female	224.85.37.83
105	Enos	MacGow	emacgow2w@uiuc.edu	Male	70.125.218.137
106	Pip	Mangon	pmangon2x@ycombinator.com	Male	168.195.230.161
107	Bibbie	Huonic	bhuonic2y@icq.com	Female	11.155.250.115
108	Uriah	Blackaller	ublackaller2z@ifeng.com	Male	68.191.28.68
109	Sukey	Membry	smembry30@youtu.be	Female	46.44.223.11
110	Drusi	Boultwood	dboultwood31@drupal.org	Female	164.224.25.162
111	Xenos	Guisler	xguisler32@nyu.edu		11.0.147.183
112	Tabbie	Scopham	tscopham33@yahoo.co.jp	Male	80.76.101.170
113	Ardella	Farrens	afarrens34@zimbio.com	Female	201.179.139.239
114	Allyn	Petherick	apetherick35@networksolutions.com	Female	137.127.249.253
115	Trever	Legrand	tlegrand36@wikia.com	Male	159.12.166.104
116	Gisella	Praundl	gpraundl37@wordpress.com	Female	34.2.202.208
117	Gonzales	Seligson	gseligson38@businesswire.com	Male	179.34.34.39
118	Carmina	Potts	cpotts39@4shared.com	Female	226.79.30.15
119	Burgess	Morshead	bmorshead3a@unc.edu	Male	194.205.154.99
120	Laurice	Morlon	lmorlon3b@rambler.ru		74.93.232.147
121	Jedd	Dionisio	jdionisio3c@ted.com	Male	212.163.115.216
122	Kasper	Amiranda	kamiranda3d@dagondesign.com	Male	144.87.57.72
123	Herta	Shackell	hshackell3e@nytimes.com	Female	13.250.31.247
124	Lorenzo	Oldale	loldale3f@t.co	Male	163.44.150.20
125	Hailey	Tye	htye3g@examiner.com	Male	53.20.161.149
126	Lorrie	Antecki	lantecki3h@cbsnews.com	Male	155.30.204.50
127	Jeannine	Jordi	jjordi3i@java.com	Female	26.187.86.51
128	Aliza	Gerty	agerty3j@howstuffworks.com	Female	169.199.99.220
129	Valma	Picopp	vpicopp3k@businesswire.com	Female	119.208.1.140
130	Blisse	Esmond	besmond3l@spiegel.de	Female	143.142.78.41
131	Sidnee	Pogson	spogson3m@w3.org	Male	142.87.110.240
132	Haskel	Bedrosian	hbedrosian3n@163.com	Male	16.231.7.63
133	Brit	Ardern	bardern3o@slashdot.org		138.123.239.231
134	Corabelle	Griffin	cgriffin3p@home.pl	Female	161.79.37.169
135	My	Holtum	mholtum3q@sourceforge.net	Male	25.212.77.13
136	Carolynn	Jennrich	cjennrich3r@usda.gov	Female	209.241.126.195
137	Homere	Yushkov	hyushkov3s@accuweather.com	Male	248.128.171.7
138	Crissy	McCaughran	cmccaughran3t@wunderground.com	Female	234.97.144.166
139	Winnah	Holyland	wholyland3u@ameblo.jp	Female	161.249.8.224
140	Chic	Fearick	cfearick3v@jimdo.com	Male	127.143.123.72
141	Ara	Chesterman	achesterman3w@devhub.com	Male	115.81.137.201
142	Morse	Gulk	mgulk3x@yellowpages.com	Male	155.222.64.84
143	Delphinia	Mailey	dmailey3y@google.com.au	Female	251.187.168.201
144	Averil	Derkes	aderkes3z@forbes.com	Female	23.231.90.93
145	Jarred	Ludlem	jludlem40@guardian.co.uk	Male	117.73.244.74
146	Nikoletta	Leitche	nleitche41@constantcontact.com	Female	153.53.113.1
147	Kyle	Totton	ktotton42@clickbank.net		158.80.26.132
148	Addison	Sam	asam43@aol.com	Male	203.232.15.35
149	Piotr	Gerran	pgerran44@xrea.com	Male	3.254.113.126
150	Alexina	Dinsell	adinsell45@google.com	Female	217.48.44.116
151	Ashien	Waller	awaller46@berkeley.edu	Female	189.203.30.156
152	Aline	Brumble	abrumble47@sogou.com	Female	224.47.116.29
153	Veronique	Aisthorpe	vaisthorpe48@themeforest.net		253.192.56.74
154	Derrik	Alman	dalman49@wikispaces.com	Male	130.125.149.239
155	Joela	Baughan	jbaughan4a@smugmug.com		212.226.103.92
156	Kathi	Jesty	kjesty4b@nbcnews.com	Female	231.65.200.199
157	Shel	Nutbrown	snutbrown4c@mozilla.com		128.17.4.209
158	Lory	Crowdace	lcrowdace4d@drupal.org	Female	196.215.146.241
159	Otis	Wheldon	owheldon4e@guardian.co.uk		95.113.32.190
160	Patty	Rylatt	prylatt4f@tmall.com	Male	109.247.118.242
161	Wilie	Kalvin	wkalvin4g@cocolog-nifty.com	Female	216.169.182.167
162	Siward	O'Codihie	socodihie4h@webmd.com	Male	148.120.168.119
163	Ferdinand	Gobeaux	fgobeaux4i@sbwire.com	Male	225.66.114.228
164	Myrlene	Penylton	mpenylton4j@google.com.br	Female	194.16.217.197
165	Dougie	Burghill	dburghill4k@dion.ne.jp	Male	135.12.40.225
166	Vernor	Vannuchi	vvannuchi4l@wired.com	Male	4.239.171.216
167	Rubetta	Olexa	rolexa4m@odnoklassniki.ru	Female	77.180.66.224
168	Christy	Issacov	cissacov4n@ihg.com	Female	194.34.91.100
169	Sidnee	Tilbey	stilbey4o@joomla.org		27.246.129.175
170	Deloris	Goulborn	dgoulborn4p@go.com	Female	141.161.91.148
171	Rainer	Geator	rgeator4q@weibo.com	Male	142.183.144.236
172	Huberto	Sighard	hsighard4r@techcrunch.com	Male	248.165.15.44
173	Catherina	Pogson	cpogson4s@baidu.com	Female	141.107.184.239
174	Ossie	Clemonts	oclemonts4t@wikia.com	Male	118.236.37.39
175	Agace	Penketh	apenketh4u@businessinsider.com	Female	57.72.144.127
176	Moyna	Sutworth	msutworth4v@dyndns.org	Female	47.92.164.75
177	Vanya	Wormald	vwormald4w@acquirethisname.com	Male	212.139.21.91
178	Tiena	Comben	tcomben4x@parallels.com		239.41.249.19
179	Bette	Agget	bagget4y@arstechnica.com	Female	9.93.28.218
180	Yasmin	Juhruke	yjuhruke4z@issuu.com	Female	200.178.241.190
181	Guglielma	Gasker	ggasker50@soup.io	Female	129.141.186.19
182	Steffi	Powers	spowers51@odnoklassniki.ru	Female	203.137.198.191
183	Noel	Hartigan	nhartigan52@hc360.com	Female	221.201.122.25
184	Sandy	Syrad	ssyrad53@nationalgeographic.com	Female	38.36.107.174
185	Gunar	Killiner	gkilliner54@ft.com	Male	86.173.112.246
186	Lissi	Feares	lfeares55@w3.org	Female	160.121.155.149
187	Opal	Madgett	omadgett56@independent.co.uk	Female	114.154.164.161
188	Shelby	Cosson	scosson57@etsy.com	Female	236.137.58.13
189	Gavin	Secretan	gsecretan58@dailymail.co.uk	Male	222.206.107.161
190	Jarib	Seton	jseton59@symantec.com	Male	161.169.166.106
191	Valerie	Rawlingson	vrawlingson5a@ftc.gov	Female	9.222.245.114
192	Garik	Perren	gperren5b@about.me	Male	230.203.186.217
193	Giovanna	Smeath	gsmeath5c@hp.com	Female	133.37.23.225
194	Harriott	Cowerd	hcowerd5d@liveinternet.ru	Female	67.243.242.173
195	Ara	Grinter	agrinter5e@weather.com		191.42.27.143
196	Aguistin	Daniell	adaniell5f@eepurl.com	Male	174.241.39.42
197	Cyrill	Keyes	ckeyes5g@vimeo.com	Male	226.62.185.156
198	Isabeau	Giacobini	igiacobini5h@t.co	Female	133.140.31.194
199	Leone	Iacobucci	liacobucci5i@gravatar.com	Female	94.191.96.203
200	Cheslie	Beadnell	cbeadnell5j@macromedia.com	Female	205.45.242.145
201	Ruby	Hagard	rhagard5k@163.com	Male	201.29.33.85
202	Rudie	Eckford	reckford5l@sakura.ne.jp	Male	197.77.19.218
203	Papagena	Helkin	phelkin5m@example.com	Female	230.10.70.218
204	Jere	Auten	jauten5n@indiegogo.com	Male	114.204.82.35
205	Nikola	Lennon	nlennon5o@geocities.com	Male	72.41.151.188
206	Laural	Santorini	lsantorini5p@businessinsider.com	Female	10.190.74.130
207	Troy	Pranger	tpranger5q@shinystat.com	Male	140.241.83.5
208	Lincoln	Volonte	lvolonte5r@oakley.com	Male	188.124.179.218
209	Herminia	Tytherton	htytherton5s@imageshack.us	Female	250.220.254.92
210	Aleksandr	Nazareth	anazareth5t@earthlink.net	Male	17.231.47.229
211	Sidnee	Bover	sbover5u@list-manage.com	Male	81.164.92.187
212	Harmonia	Mulqueen	hmulqueen5v@amazon.co.uk	Female	255.186.74.137
213	Chelsie	Branchflower	cbranchflower5w@samsung.com	Female	254.10.129.28
214	Onofredo	Arnowitz	oarnowitz5x@nsw.gov.au	Male	207.248.77.79
215	Alta	Landis	alandis5y@ed.gov	Female	98.192.123.77
216	Richmound	Ales0	rales5z@noaa.gov		81.85.59.86
217	Leroy	MacCurtain	lmaccurtain60@weibo.com	Male	235.247.38.173
218	Lay	Buckthorpe	lbuckthorpe61@cdbaby.com	Male	228.203.221.90
219	Junette	O'Garmen	jogarmen62@scientificamerican.com		46.132.132.179
220	Sauncho	Ludwig	sludwig63@yale.edu		92.87.250.189
221	Marillin	Bridgen	mbridgen64@ibm.com		108.9.150.112
222	Haven	Morley	hmorley65@unblog.fr	Male	1.202.138.182
223	Isidoro	Burrass	iburrass66@google.ca	Male	1.228.54.42
224	Eli	Lineham	elineham67@cnn.com	Male	239.100.104.33
225	Alanna	Royston	aroyston68@1688.com		179.196.172.32
226	Kaja	Hedgeman	khedgeman69@unicef.org		63.136.181.50
227	Ossie	Coll	ocoll6a@tumblr.com		83.169.233.110
228	Mae	Airy	mairy6b@arstechnica.com	Female	38.35.219.34
229	Chrisy	Hustings	chustings6c@miitbeian.gov.cn		244.21.242.101
230	Elwin	Reidshaw	ereidshaw6d@google.com.hk	Male	27.240.167.2
231	Mylo	Wombwell	mwombwell6e@ox.ac.uk		207.162.161.13
232	Caron	Ginner	cginner6f@yellowbook.com	Female	129.172.9.209
233	Anthiathia	Kleynen	akleynen6g@ebay.com		251.92.154.119
234	Harmony	Tarrant	htarrant6h@shutterfly.com	Female	97.173.31.100
235	Bobina	Rosenfield	brosenfield6i@miitbeian.gov.cn	Female	230.251.130.111
236	Odele	Hodinton	ohodinton6j@cyberchimps.com	Female	120.163.5.247
237	Dorelle	McCreery	dmccreery6k@dropbox.com	Female	46.165.212.178
238	Consalve	Mattedi	cmattedi6l@csmonitor.com	Male	19.72.252.131
239	Erik	Ende	eende6m@jimdo.com		136.179.209.126
240	Thomasa	Kersaw	tkersaw6n@berkeley.edu	Female	71.75.40.115
241	Taddeo	Grabiec	tgrabiec6o@ted.com	Male	181.26.253.223
242	Terrijo	Dudenie	tdudenie6p@spiegel.de	Female	250.213.208.30
243	Genevra	Kalinsky	gkalinsky6q@ibm.com		67.14.123.194
244	Barty	Hynard	bhynard6r@alibaba.com	Male	14.212.253.215
245	Chicky	McCaughren	cmccaughren6s@psu.edu	Male	75.184.79.176
246	Kathrine	Drowsfield	kdrowsfield6t@mail.ru	Female	72.89.206.235
247	Larry	Moreland	lmoreland6u@slashdot.org		38.128.222.208
248	Norri	Mourton	nmourton6v@creativecommons.org	Female	94.132.158.138
249	Selig	Shervil	sshervil6w@wikia.com	Male	114.197.90.216
250	Babs	Pighills	bpighills6x@amazon.de		228.24.71.36
251	Curt	MacDermand	cmacdermand6y@newsvine.com	Male	240.217.172.168
252	Jamaal	McNerlin	jmcnerlin6z@mail.ru	Male	202.13.220.156
253	Maurise	Hendriksen	mhendriksen70@nbcnews.com	Female	1.130.109.250
254	Beauregard	Messruther	bmessruther71@oakley.com		218.237.132.72
255	Stormi	Pickvance	spickvance72@tamu.edu	Female	137.244.140.240
256	Stan	Gummie	sgummie73@cafepress.com	Male	238.109.79.219
257	Howey	Roizin	hroizin74@google.com.hk	Male	188.95.132.50
258	Corey	Parmby	cparmby75@elegantthemes.com	Female	13.14.221.71
259	La verne	Muckleston	lmuckleston76@scientificamerican.com	Female	149.155.194.240
260	Cherice	Sneden	csneden77@ning.com	Female	3.244.94.93
261	Duffie	Possa	dpossa78@fc2.com	Male	198.44.55.195
262	Aurie	Rumgay	arumgay79@omniture.com	Female	182.248.227.109
263	Waldon	Stihl	wstihl7a@weibo.com	Male	197.203.194.65
264	Gabriella	Edgerly	gedgerly7b@yandex.ru	Female	252.22.62.58
265	Hashim	Frantz	hfrantz7c@google.co.jp	Male	172.144.57.91
266	Quintilla	Speake	qspeake7d@mapquest.com	Female	184.220.204.244
267	Osbert	Collelton	ocollelton7e@ibm.com	Male	93.16.100.222
268	Kellina	Jacmard	kjacmard7f@prnewswire.com	Female	157.247.45.57
269	Gar	Gibberd	ggibberd7g@tinyurl.com	Male	227.148.143.69
270	Tobin	Wolton	twolton7h@hatena.ne.jp	Male	178.38.253.45
271	Lucien	Stripp	lstripp7i@wordpress.com	Male	59.5.161.99
272	Philippe	Ties	pties7j@google.co.uk	Female	240.237.107.45
273	Brigg	Gilroy	bgilroy7k@digg.com	Male	202.220.38.229
274	Leanor	Kyttor	lkyttor7l@123-reg.co.uk	Female	0.219.113.165
275	Franciskus	Downton	fdownton7m@telegraph.co.uk	Male	204.181.105.122
276	Englebert	Farrear	efarrear7n@dion.ne.jp	Male	17.74.40.4
277	Cindy	Cubberley	ccubberley7o@plala.or.jp	Female	161.209.74.194
278	Nicola	Ughelli	nughelli7p@cnet.com	Male	117.229.9.23
279	Sheilah	Andrysek	sandrysek7q@jiathis.com	Female	151.49.140.14
280	Rriocard	Binnell	rbinnell7r@sciencedirect.com		20.136.154.167
281	Mireielle	Kiggel	mkiggel7s@blogspot.com	Female	232.170.68.18
282	Uta	Edgington	uedgington7t@alexa.com	Female	163.117.10.46
283	Baillie	Duerden	bduerden7u@rambler.ru	Male	69.100.115.106
284	Alexandros	Fegan	afegan7v@imageshack.us	Male	45.146.238.42
285	Esteban	Ixor	eixor7w@alibaba.com	Male	37.93.242.176
286	Chance	Shooter	cshooter7x@shinystat.com	Male	13.97.145.253
287	Paule	Gammage	pgammage7y@last.fm	Female	192.11.216.65
288	Rakel	Colleck	rcolleck7z@zdnet.com	Female	13.202.94.30
289	Wilhelmina	Sherrett	wsherrett80@jugem.jp	Female	134.135.229.109
290	Kip	Raccio	kraccio81@globo.com	Male	254.49.76.221
291	Jaymie	Edger	jedger82@yelp.com	Male	91.185.33.74
292	Wait	Stilgo	wstilgo83@tinyurl.com	Male	217.21.42.83
293	Dory	Belfit	dbelfit84@cnet.com	Female	164.129.246.52
294	Roxie	Gales	rgales85@symantec.com		25.207.61.64
295	Deeann	Rispen	drispen86@instagram.com	Female	129.241.247.72
296	Whitman	Clemmen	wclemmen87@stanford.edu	Male	198.178.104.43
297	Frazier	MacKibbon	fmackibbon88@harvard.edu	Male	107.143.126.162
298	Joete	MacFaul	jmacfaul89@dropbox.com	Female	90.177.193.121
299	Roseanne	Fassbindler	rfassbindler8a@gravatar.com	Female	58.224.190.36
300	Pavla	Epton	pepton8b@wunderground.com	Female	192.84.28.107
301	Kris	Carnier	kcarnier8c@ezinearticles.com	Male	223.234.231.39
302	Bradly	Dysart	bdysart8d@is.gd	Male	195.152.89.92
303	Marlee	Critchley	mcritchley8e@shop-pro.jp	Female	27.55.5.209
304	Emlyn	Pinckney	epinckney8f@forbes.com	Female	149.207.254.51
305	Marja	Hallibone	mhallibone8g@51.la	Female	230.181.217.176
306	Waverly	Gebuhr	wgebuhr8h@sphinn.com	Male	133.180.209.18
307	Twyla	Broome	tbroome8i@google.com.br	Female	115.133.197.39
308	Arman	Brimmell	abrimmell8j@gmpg.org	Male	235.195.193.141
309	Ray	Ianniello	rianniello8k@about.me	Female	138.89.93.122
310	Kinny	Lambertazzi	klambertazzi8l@issuu.com	Male	81.102.19.168
311	Trenna	Constance	tconstance8m@aboutads.info	Female	191.138.15.135
312	Christopher	Dunstall	cdunstall8n@bloomberg.com	Male	47.177.117.249
313	Zara	Shipman	zshipman8o@sphinn.com	Female	165.93.22.208
314	Arney	Chatwood	achatwood8p@furl.net	Male	46.235.124.181
315	Edwin	Pound	epound8q@linkedin.com	Male	237.213.74.160
316	Evelin	Abbis	eabbis8r@google.pl	Male	195.255.73.201
317	Hamel	Chesney	hchesney8s@liveinternet.ru	Male	166.63.254.136
318	Eyde	Yerlett	eyerlett8t@amazon.de	Female	94.33.173.35
319	Lynnett	Butchard	lbutchard8u@ucoz.ru	Female	24.93.199.68
320	Arabel	McBeath	amcbeath8v@ed.gov	Female	250.61.215.217
321	Verne	Beggin	vbeggin8w@github.io	Male	49.20.197.99
322	Florette	Wittman	fwittman8x@i2i.jp	Female	158.204.228.254
323	Ami	MacNeill	amacneill8y@google.ca	Female	167.60.9.37
324	Hamlen	Aveling	haveling8z@jigsy.com		77.85.29.99
325	Catarina	Gouldstone	cgouldstone90@npr.org	Female	222.197.211.101
326	Lydie	Marciskewski	lmarciskewski91@blogspot.com	Female	116.253.182.178
327	Cyrus	Voden	cvoden92@cdbaby.com	Male	121.66.128.247
328	Melody	Featherston	mfeatherston93@instagram.com	Female	143.118.177.227
329	Rosabel	Whitehall	rwhitehall94@msu.edu	Female	187.36.182.130
330	Lanny	Spelman	lspelman95@over-blog.com	Male	206.209.136.191
331	Lindy	Lambirth	llambirth96@cbc.ca	Female	241.234.213.20
332	Jayme	Odcroft	jodcroft97@slideshare.net	Female	83.69.20.182
333	Carie	Yashin	cyashin98@dot.gov	Female	191.72.16.69
334	Dolorita	Luxmoore	dluxmoore99@nps.gov	Female	235.134.94.163
335	Almeta	Shear	ashear9a@typepad.com		107.59.196.202
336	Laurice	Kener	lkener9b@soundcloud.com	Female	235.84.120.199
337	Jo	Meekings	jmeekings9c@twitpic.com	Female	15.233.22.86
338	Bren	Bryceson	bbryceson9d@fc2.com	Female	133.123.139.15
339	Wolf	Harmes	wharmes9e@histats.com	Male	217.140.246.140
340	Leonora	Saunton	lsaunton9f@msu.edu	Female	141.110.105.40
341	Giffie	Radmer	gradmer9g@sina.com.cn	Male	247.58.38.158
342	Hazel	Gammie	hgammie9h@ezinearticles.com	Male	205.50.95.223
343	Marget	Czapla	mczapla9i@yandex.ru	Female	128.246.113.235
344	Karole	Dennidge	kdennidge9j@merriam-webster.com	Female	54.224.136.102
345	Malina	Scoon	mscoon9k@noaa.gov	Female	116.42.219.70
346	Cedric	Klaggeman	cklaggeman9l@thetimes.co.uk	Male	224.201.227.36
347	Kinny	Emanueli	kemanueli9m@qq.com	Male	179.61.12.225
348	Randa	Regglar	rregglar9n@jalbum.net	Female	145.188.183.209
349	Gerry	Le Merchant	glemerchant9o@wsj.com		27.172.184.16
350	Enrichetta	Sprade	esprade9p@ow.ly	Female	135.128.251.211
351	Mollee	Belchamber	mbelchamber9q@youtu.be		103.243.40.155
352	Rodrick	Wrotham	rwrotham9r@xinhuanet.com	Male	77.113.64.178
353	Dani	Pauletti	dpauletti9s@answers.com	Female	115.215.52.9
354	Lorena	Chapleo	lchapleo9t@forbes.com	Female	100.175.133.71
355	Ronalda	Simonsson	rsimonsson9u@mtv.com	Female	31.30.93.162
356	Sibyl	Garralts	sgarralts9v@marriott.com		155.236.91.0
357	Wynnie	Bonnier	wbonnier9w@ucoz.com	Female	183.53.173.52
358	Ysabel	Purselow	ypurselow9x@businessinsider.com	Female	77.138.39.180
359	Phip	Ivankin	pivankin9y@t.co	Male	71.123.170.247
360	Artemis	Claydon	aclaydon9z@msu.edu	Male	171.144.65.77
361	Dom	Tomeo	dtomeoa0@prlog.org	Male	152.252.47.66
362	Dorisa	Gilloran	dgillorana1@si.edu	Female	27.16.154.202
363	Whitman	Corss	wcorssa2@is.gd	Male	174.2.139.192
364	Dorothea	Fairfull	dfairfulla3@wix.com	Female	183.128.184.115
365	Padget	Broxton	pbroxtona4@github.io	Male	142.60.67.236
366	Wilton	Pallesen	wpallesena5@upenn.edu	Male	188.230.134.68
367	Carlina	Scroyton	cscroytona6@springer.com	Female	195.99.49.205
368	Carter	Friel	cfriela7@narod.ru	Male	191.58.246.41
369	Beverlie	Simonnet	bsimonneta8@over-blog.com		130.6.100.49
370	Mufinella	O'Hickey	mohickeya9@goo.ne.jp	Female	84.38.42.192
371	Vicki	MacGillivrie	vmacgillivrieaa@infoseek.co.jp	Female	176.199.23.251
372	Whitney	Wickliffe	wwickliffeab@netscape.com	Female	157.109.120.204
373	Ellis	Klagges	eklaggesac@cpanel.net	Male	25.196.60.234
374	Onida	Fearby	ofearbyad@123-reg.co.uk	Female	202.11.141.221
375	Powell	Bamell	pbamellae@si.edu	Male	24.209.58.223
376	Benedikta	Denizet	bdenizetaf@ed.gov	Female	204.72.4.66
377	Florian	Sorrie	fsorrieag@wikimedia.org	Male	82.83.99.60
378	Chas	Dafforne	cdafforneah@last.fm	Male	244.119.183.187
379	Nicola	Kropach	nkropachai@chron.com	Male	40.61.91.177
380	Ray	Figgs	rfiggsaj@furl.net	Female	218.71.49.36
381	Jarvis	Cray	jcrayak@si.edu	Male	161.103.154.192
382	Wallache	Jills	wjillsal@last.fm	Male	27.52.171.3
383	Bale	Belchamp	bbelchampam@stumbleupon.com	Male	82.147.251.6
384	Rick	Robjents	rrobjentsan@mashable.com	Male	201.245.126.35
385	Merridie	Markovich	mmarkovichao@utexas.edu	Female	59.107.147.6
386	Kylen	Sheardown	ksheardownap@topsy.com	Female	191.2.174.174
387	Thea	Mucklow	tmucklowaq@indiegogo.com	Female	241.96.254.186
388	Rafa	Martignon	rmartignonar@usgs.gov	Female	47.16.223.121
389	Curr	Dyett	cdyettas@noaa.gov	Male	161.58.242.112
390	Emiline	Barg	ebargat@timesonline.co.uk	Female	47.141.85.252
391	Mabel	Milligan	mmilliganau@t.co	Female	96.227.9.97
392	Hartley	Koles	hkolesav@howstuffworks.com	Male	58.10.199.109
393	Fielding	Ivel	fivelaw@fastcompany.com	Male	95.13.103.190
394	Jermain	Doag	jdoagax@wix.com	Male	63.155.209.7
395	Nanny	Davley	ndavleyay@aboutads.info	Female	119.87.229.229
396	Ethel	St. Paul	estpaulaz@kickstarter.com	Female	134.249.234.214
397	Druci	Biddleston	dbiddlestonb0@jimdo.com		22.84.34.38
398	Hernando	Stuckley	hstuckleyb1@fda.gov	Male	169.67.53.0
399	Orin	MacTague	omactagueb2@tumblr.com		191.53.11.96
400	Bennie	McCracken	bmccrackenb3@uol.com.br	Male	42.227.179.34
401	Dolli	Vondrasek	dvondrasekb4@gmpg.org		114.116.20.204
402	Alleyn	Ivakhno	aivakhnob5@walmart.com	Male	179.94.204.237
403	Kenny	Casburn	kcasburnb6@globo.com	Male	2.185.18.171
404	Elly	Gallety	egalletyb7@shutterfly.com	Female	225.79.167.167
405	Aristotle	Stivey	astiveyb8@japanpost.jp	Male	13.138.115.87
406	Alejandro	Scriven	ascrivenb9@scribd.com	Male	242.61.252.121
407	Barr	Arnfield	barnfieldba@diigo.com	Male	143.166.244.88
408	Sandor	Overton	sovertonbb@nyu.edu	Male	130.202.128.159
409	Dominique	Nickerson	dnickersonbc@last.fm	Male	38.166.77.237
410	Gill	Tomasian	gtomasianbd@state.gov	Female	166.129.120.10
411	Muffin	Orlton	morltonbe@nyu.edu	Male	239.22.48.37
412	Mordecai	Jeffels	mjeffelsbf@wikipedia.org	Male	55.208.80.110
413	Guendolen	Chadbourne	gchadbournebg@theatlantic.com	Female	119.45.241.111
414	Gorden	Gillow	ggillowbh@wordpress.com	Male	17.184.247.34
415	Forbes	Mathiot	fmathiotbi@nydailynews.com	Male	107.147.25.99
416	Lona	Laherty	llahertybj@last.fm		171.59.181.146
417	Shell	Erdely	serdelybk@dropbox.com	Male	238.252.19.119
418	Cordie	Bohea	cboheabl@t.co	Male	28.136.223.250
419	Morgun	Wheelhouse	mwheelhousebm@jimdo.com	Male	111.179.166.241
420	Slade	Reardon	sreardonbn@stumbleupon.com	Male	147.104.20.114
421	Emmet	Maliffe	emaliffebo@twitter.com	Male	186.5.203.198
422	Manda	Kleinstein	mkleinsteinbp@dagondesign.com	Female	101.22.66.116
423	Baxie	Eldrett	beldrettbq@rambler.ru	Male	51.64.213.224
424	Lavena	Nottingham	lnottinghambr@dot.gov	Female	74.36.202.37
425	Zarah	Taill	ztaillbs@toplist.cz	Female	198.207.79.204
426	Edan	Deval	edevalbt@parallels.com	Male	130.141.10.130
427	Sheppard	Dinley	sdinleybu@chronoengine.com	Male	86.185.26.228
428	Marietta	McAnulty	mmcanultybv@google.ca	Female	120.202.87.123
429	Dunc	Trownson	dtrownsonbw@issuu.com	Male	222.59.45.66
430	Dallon	Faux	dfauxbx@zdnet.com	Male	40.86.214.135
431	Marlow	Jennings	mjenningsby@adobe.com	Male	26.70.234.106
432	Dugald	Baude	dbaudebz@archive.org	Male	174.154.8.163
433	Major	Khidr	mkhidrc0@ocn.ne.jp	Male	34.166.2.100
434	Pearce	Ottam	pottamc1@ow.ly		34.11.234.252
435	Barbee	Grocock	bgrocockc2@apple.com		185.19.112.30
436	Mayer	Islip	mislipc3@examiner.com	Male	51.43.19.127
437	Ula	Scimonelli	uscimonellic4@webs.com		21.204.78.127
438	Wesley	Hollingsby	whollingsbyc5@dell.com		27.107.10.207
439	Alecia	Hatliff	ahatliffc6@timesonline.co.uk	Female	183.80.87.238
440	Daniele	Midford	dmidfordc7@exblog.jp		39.187.228.157
441	Ellerey	Francescotti	efrancescottic8@homestead.com	Male	76.173.186.104
442	Eric	Kennaway	ekennawayc9@sitemeter.com	Male	255.169.122.155
443	Sarene	Lambswood	slambswoodca@tuttocitta.it	Female	55.21.14.79
444	Freeland	Tramel	ftramelcb@senate.gov	Male	73.216.6.221
445	Alden	MacCook	amaccookcc@shop-pro.jp	Male	52.28.7.116
446	Felix	Setford	fsetfordcd@unesco.org	Male	84.43.145.132
447	Adam	Riddiough	ariddioughce@about.com	Male	0.92.61.84
448	Zelda	McFadzean	zmcfadzeancf@privacy.gov.au	Female	208.229.154.175
449	Dagmar	Stanlack	dstanlackcg@nymag.com	Female	42.224.39.19
450	Cyrille	Curston	ccurstonch@macromedia.com	Male	208.77.238.193
451	Emlynne	Coxhell	ecoxhellci@microsoft.com	Female	35.60.10.153
452	Hobart	Eick	heickcj@1688.com	Male	193.211.11.96
453	Lincoln	Really	lreallyck@prweb.com	Male	197.27.124.203
454	Olivie	Wogdon	owogdoncl@ning.com	Female	149.148.255.80
455	Ewan	Pinnigar	epinnigarcm@un.org		65.252.28.228
456	Annabal	Humphrey	ahumphreycn@ebay.co.uk	Female	94.201.66.3
457	Gabie	Rothon	grothonco@meetup.com	Female	129.36.117.48
458	Thurstan	Ardern	tarderncp@umich.edu	Male	106.202.121.14
459	Elle	Risom	erisomcq@yandex.ru	Female	180.74.170.163
460	Riordan	Shevelin	rshevelincr@cbslocal.com	Male	150.10.198.130
461	Misty	Rosiello	mrosiellocs@un.org	Female	135.32.113.181
462	Granthem	Lade	gladect@gov.uk	Male	160.236.106.53
463	Robinet	Marshalleck	rmarshalleckcu@homestead.com	Male	95.246.245.37
464	Bernita	Moar	bmoarcv@shutterfly.com		112.150.225.78
465	Roda	Lepope	rlepopecw@bloomberg.com	Female	0.225.116.26
466	Margaretta	Pratchett	mpratchettcx@barnesandnoble.com	Female	254.152.246.190
467	Raquel	Probbings	rprobbingscy@spotify.com	Female	197.237.75.168
468	Jessie	Brownsmith	jbrownsmithcz@europa.eu	Male	25.137.217.180
469	Ellie	Letertre	eletertred0@amazon.com	Female	47.50.112.239
470	Tate	McKibbin	tmckibbind1@discovery.com	Female	82.38.73.17
471	Dalli	Greenman	dgreenmand2@telegraph.co.uk	Male	142.120.13.83
472	Jandy	Rookwell	jrookwelld3@dailymotion.com	Female	189.143.229.42
473	Carlotta	Warrack	cwarrackd4@umich.edu	Female	157.1.25.33
474	Glynis	Pitbladdo	gpitbladdod5@yolasite.com		215.33.140.118
475	Aguste	Dutchburn	adutchburnd6@prlog.org	Male	208.89.123.182
476	Heath	Guy	hguyd7@vimeo.com	Male	9.94.217.112
477	Fara	Mackrell	fmackrelld8@timesonline.co.uk	Female	112.159.65.35
478	Cory	Esposita	cespositad9@upenn.edu	Female	212.97.102.152
479	Cristy	Wroughton	cwroughtonda@google.com	Female	53.93.67.215
480	Kassia	Farndon	kfarndondb@apache.org	Female	186.148.202.176
481	Hildegaard	Joynt	hjoyntdc@infoseek.co.jp	Female	233.178.83.106
482	Ellwood	Annandale	eannandaledd@ted.com	Male	187.216.78.122
483	Grayce	Kilsby	gkilsbyde@ustream.tv	Female	247.177.100.180
484	Sheffy	Paullin	spaullindf@zimbio.com	Male	168.85.119.226
485	Davey	Braine	dbrainedg@shop-pro.jp	Male	98.184.2.46
486	Sallee	Necolds	snecoldsdh@kickstarter.com	Female	248.3.102.108
487	Talya	Cordery	tcorderydi@wikimedia.org	Female	233.101.132.92
488	Marga	Whipple	mwhippledj@umn.edu	Female	134.215.199.200
489	Cob	Gleader	cgleaderdk@ucsd.edu	Male	213.53.109.58
490	Hilario	Thorwarth	hthorwarthdl@yellowpages.com		246.69.123.149
491	Pauline	Archdeacon	parchdeacondm@example.com	Female	222.193.50.58
492	Holt	Edghinn	hedghinndn@posterous.com		234.107.195.112
493	Mario	Bohlsen	mbohlsendo@cornell.edu	Male	81.54.234.228
494	Jacques	Draayer	jdraayerdp@wired.com	Male	244.125.75.103
495	Abby	Linkleter	alinkleterdq@liveinternet.ru	Male	73.58.219.215
496	Bronnie	Forty	bfortydr@posterous.com	Male	247.49.154.214
497	Conchita	Myrie	cmyrieds@prlog.org	Female	94.178.136.239
498	Wilbert	Casa	wcasadt@mlb.com	Male	172.111.165.202
499	Nannette	Srutton	nsruttondu@home.pl		133.115.241.180
500	Robina	Fellenor	rfellenordv@gmpg.org	Female	82.200.118.200
501	Barty	McKenney	bmckenneydw@ebay.com		86.146.115.211
502	Reamonn	Pullan	rpullandx@google.nl	Male	56.59.240.49
503	Garrick	Deveral	gdeveraldy@cbc.ca	Male	97.46.82.254
504	Ardelia	Rodden	aroddendz@cbsnews.com	Female	104.2.69.124
505	Dorise	Hutt	dhutte0@joomla.org	Female	213.215.35.95
506	Thoma	Hailes	thailese1@chronoengine.com	Male	46.249.16.204
507	Shea	Crompton	scromptone2@guardian.co.uk	Male	252.113.219.104
508	Jerome	Pletts	jplettse3@networkadvertising.org	Male	148.102.35.182
509	Silvan	Sarten	ssartene4@telegraph.co.uk	Male	87.150.15.84
510	Sayers	Benko	sbenkoe5@howstuffworks.com		211.38.56.111
511	Ignaz	Wedmore	iwedmoree6@netscape.com		39.75.216.150
512	Codi	Kempson	ckempsone7@kickstarter.com	Female	95.243.246.76
513	Akim	Jakoviljevic	ajakoviljevice8@columbia.edu	Male	192.245.70.115
514	Grissel	Ashborn	gashborne9@guardian.co.uk	Female	31.30.43.240
515	Hersh	Allmann	hallmannea@dion.ne.jp		123.138.26.150
516	Sibelle	Pes	speseb@webnode.com		147.98.224.74
517	Julian	Heyball	jheyballec@51.la	Male	157.173.89.200
518	Clary	Romagosa	cromagosaed@bbb.org	Female	194.173.231.172
519	Annemarie	Causnett	acausnettee@cbslocal.com		100.177.252.34
520	Alisander	Thirlaway	athirlawayef@merriam-webster.com	Male	225.110.238.241
521	Florentia	Licence	flicenceeg@ning.com	Female	30.231.182.235
522	Lydon	Coytes	lcoyteseh@geocities.jp		4.36.120.155
523	Ingmar	Haskew	ihaskewei@feedburner.com	Male	193.159.111.172
524	Nikolos	Heinssen	nheinssenej@china.com.cn	Male	41.91.88.77
525	Bess	Morican	bmoricanek@a8.net	Female	234.65.253.184
526	Rhodie	Williams	rwilliamsel@nature.com	Female	178.23.10.1
527	Gabriellia	Ceyssen	gceyssenem@yelp.com	Female	81.216.220.118
528	Vivia	Skeffington	vskeffingtonen@theguardian.com	Female	166.153.114.49
529	Desi	Grichukhin	dgrichukhineo@wunderground.com	Male	116.222.104.107
530	Abbey	Meneur	ameneurep@hubpages.com	Male	235.84.28.42
531	El	Leele	eleeleeq@purevolume.com	Male	195.202.5.129
532	Tamas	Mechan	tmechaner@icio.us	Male	59.92.20.19
533	Papagena	Brashaw	pbrashawes@sciencedirect.com	Female	110.29.164.113
534	Amity	Addeycott	aaddeycottet@yahoo.com	Female	231.185.14.67
535	Elyse	Gusticke	egustickeeu@reverbnation.com	Female	198.163.6.148
536	Erhart	Sarjeant	esarjeantev@arizona.edu	Male	205.60.138.77
537	Alwin	Awin	aawinew@usda.gov	Male	132.82.242.207
538	Adrea	Brockington	abrockingtonex@indiegogo.com	Female	154.208.13.91
539	Rhys	Dourin	rdouriney@pagesperso-orange.fr	Male	177.129.32.82
540	Dode	Meachan	dmeachanez@army.mil	Female	232.229.205.254
541	Briant	Highway	bhighwayf0@hhs.gov	Male	17.124.5.124
542	Othello	Sloane	osloanef1@vkontakte.ru	Male	17.231.35.227
543	Dollie	Crufts	dcruftsf2@mediafire.com	Female	111.48.0.158
544	Bernelle	Fatkin	bfatkinf3@etsy.com	Female	174.51.242.166
545	Wally	Wince	wwincef4@nba.com	Female	203.220.192.114
546	Duffie	Pyne	dpynef5@answers.com	Male	115.53.101.253
547	Alberta	Elderidge	aelderidgef6@harvard.edu	Female	255.136.209.123
548	Gelya	Bowker	gbowkerf7@reddit.com	Female	170.227.146.216
549	Papagena	Armit	parmitf8@paypal.com	Female	221.155.135.236
550	Deck	Laphorn	dlaphornf9@discovery.com	Male	75.220.121.144
551	Tyne	Matiebe	tmatiebefa@amazonaws.com	Female	17.153.208.179
552	Quent	Yoslowitz	qyoslowitzfb@xinhuanet.com	Male	79.227.158.109
553	Buckie	Dyton	bdytonfc@wix.com		66.84.196.253
554	Benita	Tregonna	btregonnafd@friendfeed.com		92.51.87.182
555	Wren	Congreave	wcongreavefe@blogtalkradio.com	Female	206.115.93.186
556	Benton	Burry	bburryff@unc.edu	Male	167.25.72.227
557	Ernesta	MacAskill	emacaskillfg@whitehouse.gov		136.172.189.216
558	Nehemiah	Varley	nvarleyfh@craigslist.org	Male	229.157.221.198
559	Dana	Poxon	dpoxonfi@discuz.net	Male	133.38.10.182
560	Gerri	Schafer	gschaferfj@eventbrite.com	Female	139.79.234.185
561	Emmaline	Daoust	edaoustfk@gizmodo.com	Female	187.251.41.166
562	Jamal	Caesar	jcaesarfl@bloomberg.com	Male	110.233.253.94
563	Gerrie	Kelberman	gkelbermanfm@hp.com	Male	104.5.211.39
564	Frans	Matuszinski	fmatuszinskifn@freewebs.com	Male	87.120.14.150
565	Kimberli	Hurran	khurranfo@ezinearticles.com	Female	38.88.246.155
566	Garland	Gummory	ggummoryfp@myspace.com	Female	239.75.135.86
567	Eloisa	Stiddard	estiddardfq@de.vu		118.240.190.18
568	Mal	Malt	mmaltfr@godaddy.com	Male	210.244.22.122
569	Julieta	Tongue	jtonguefs@google.pl		212.201.227.207
570	Elly	Recke	ereckeft@nydailynews.com	Female	172.237.176.90
571	Seumas	Espin	sespinfu@imdb.com	Male	172.109.176.149
572	Marga	Lassen	mlassenfv@sogou.com		5.12.236.65
573	Maximilian	Lauridsen	mlauridsenfw@marriott.com	Male	80.111.26.173
574	Wang	Withers	wwithersfx@ucla.edu	Male	41.83.177.56
575	Luise	Mingauld	lmingauldfy@upenn.edu		35.173.97.93
576	Vince	Father	vfatherfz@blogger.com	Male	71.5.180.103
577	Hersh	Float	hfloatg0@bandcamp.com	Male	218.117.180.31
578	Catlaina	Weldrake	cweldrakeg1@yellowbook.com	Female	33.54.93.117
579	Monah	Silver	msilverg2@adobe.com	Female	148.126.222.6
580	Andi	Liddyard	aliddyardg3@oracle.com	Female	132.252.69.176
581	Shirlene	Annott	sannottg4@irs.gov		185.87.90.246
582	Rochette	Burchell	rburchellg5@reddit.com	Female	85.26.204.226
583	Ingeberg	Donaghie	idonaghieg6@uiuc.edu	Female	109.93.128.159
584	Ursula	Wethey	uwetheyg7@shinystat.com	Female	82.5.196.208
585	Steffi	Heakey	sheakeyg8@paypal.com	Female	181.236.185.202
586	Lynea	Shemilt	lshemiltg9@cargocollective.com	Female	166.205.186.192
587	Bertrand	Lammenga	blammengaga@naver.com	Male	43.255.58.35
588	Basile	Dodworth	bdodworthgb@icio.us	Male	99.114.173.94
589	Vikki	Elmar	velmargc@cnet.com	Female	80.10.98.181
590	Kipp	Imorts	kimortsgd@prlog.org	Male	26.217.200.99
591	Nicki	Hillaby	nhillabyge@washingtonpost.com	Female	184.86.101.209
592	Shanon	Birkwood	sbirkwoodgf@bloomberg.com	Female	116.126.42.155
593	Jamesy	Sharply	jsharplygg@altervista.org	Male	165.176.103.183
594	Cart	Scurry	cscurrygh@oakley.com	Male	73.185.200.86
595	Clare	Truwert	ctruwertgi@techcrunch.com	Female	228.131.154.206
596	Sylas	Officer	sofficergj@sciencedirect.com	Male	53.83.179.194
597	Audie	Tyres	atyresgk@sun.com	Female	197.83.129.168
598	Kelsey	Gravett	kgravettgl@instagram.com		139.226.137.10
599	Shelba	Dancey	sdanceygm@zdnet.com	Female	186.69.80.192
600	Cairistiona	Anthoin	canthoingn@joomla.org	Female	219.216.105.54
601	Eadmund	Cromly	ecromlygo@bluehost.com	Male	182.231.198.212
602	Reid	Fyfield	rfyfieldgp@desdev.cn	Male	246.211.172.61
603	Chad	Dybell	cdybellgq@shop-pro.jp		64.85.189.101
604	Lynea	Cavill	lcavillgr@themeforest.net	Female	155.239.40.253
605	Olivia	McVity	omcvitygs@google.nl	Female	38.137.111.197
606	Rogers	Squibe	rsquibegt@deliciousdays.com	Male	219.73.233.54
607	Nixie	Callingham	ncallinghamgu@meetup.com	Female	83.44.85.57
608	Mathian	Ezzell	mezzellgv@networkadvertising.org	Male	157.205.165.141
609	Far	Espina	fespinagw@phoca.cz	Male	25.249.133.26
610	Caralie	Vasin	cvasingx@hostgator.com	Female	6.161.198.103
611	Chan	Hasnip	chasnipgy@dyndns.org	Male	116.206.115.135
612	Stephannie	Skillen	sskillengz@chron.com		100.25.108.247
613	Antonius	Birkenshaw	abirkenshawh0@paginegialle.it	Male	169.216.51.124
614	Anabel	Pelling	apellingh1@miibeian.gov.cn	Female	48.166.202.187
615	Colet	Lehenmann	clehenmannh2@state.tx.us	Male	112.171.72.117
616	Phillie	Frankling	pfranklingh3@mayoclinic.com		85.194.57.128
617	Brianne	Hanrott	bhanrotth4@go.com	Female	95.15.133.94
618	Imojean	Dawltrey	idawltreyh5@nyu.edu	Female	18.37.39.174
619	Terza	Housecroft	thousecrofth6@deliciousdays.com	Female	138.205.72.15
620	Hazel	Warrender	hwarrenderh7@free.fr	Female	245.47.136.88
621	Rosanne	Spellicy	rspellicyh8@youtube.com	Female	120.169.191.70
622	Danika	Krzysztofiak	dkrzysztofiakh9@squarespace.com	Female	115.111.208.79
623	Ynes	Edgeler	yedgelerha@tumblr.com	Female	250.166.42.146
624	Carlin	Steels	csteelshb@marriott.com	Male	76.134.135.56
625	Bree	Bicker	bbickerhc@sun.com	Female	63.196.12.59
626	Nathalia	Guterson	ngutersonhd@diigo.com	Female	181.243.229.69
627	Diana	Wall	dwallhe@mysql.com	Female	183.149.254.12
628	Humbert	Meysham	hmeyshamhf@163.com	Male	59.21.199.33
629	Dorette	Jackalin	djackalinhg@hibu.com	Female	179.0.161.34
630	Leta	Seemmonds	lseemmondshh@jalbum.net	Female	7.222.74.117
631	Giffy	Aldie	galdiehi@google.com	Male	134.227.250.132
632	Rheba	Klezmski	rklezmskihj@opensource.org	Female	184.123.104.149
633	Romola	Hrishchenko	rhrishchenkohk@bizjournals.com	Female	82.84.206.130
634	Onofredo	Bickell	obickellhl@google.fr	Male	88.225.11.97
635	Bear	Roset	brosethm@foxnews.com	Male	192.150.167.237
636	Demott	Wicher	dwicherhn@mozilla.org	Male	165.183.33.139
637	Tarra	Kellert	tkellertho@google.de	Female	161.184.21.76
638	Manda	Harewood	mharewoodhp@marketwatch.com	Female	180.107.155.153
639	Shanta	Wilford	swilfordhq@ustream.tv		237.75.220.48
640	Brigg	Wilder	bwilderhr@virginia.edu	Male	64.81.185.100
641	Grace	Zannutti	gzannuttihs@nhs.uk		202.37.203.165
642	Hallie	MacKellen	hmackellenht@csmonitor.com	Female	43.57.10.48
643	Hobard	Hartford	hhartfordhu@behance.net	Male	121.238.177.147
644	Tally	Bruck	tbruckhv@shutterfly.com	Female	32.44.52.138
645	Dulcea	Gelletly	dgelletlyhw@upenn.edu		155.162.47.250
646	Daisie	Lemanu	dlemanuhx@statcounter.com	Female	204.47.221.223
647	Luise	Cuningham	lcuninghamhy@google.pl	Female	131.47.5.162
648	Stevana	Phonix	sphonixhz@joomla.org	Female	235.164.52.80
649	Page	Vedntyev	pvedntyevi0@mayoclinic.com	Male	82.22.255.62
650	Romain	Blaxley	rblaxleyi1@cnn.com	Male	218.60.61.90
651	Clim	Dewing	cdewingi2@godaddy.com	Male	19.152.136.98
652	Tucker	Willcocks	twillcocksi3@wix.com	Male	251.188.184.47
653	Brenn	Behnecken	bbehneckeni4@earthlink.net		27.223.172.19
654	Travers	Garci	tgarcii5@github.com	Male	63.65.98.1
655	Kathye	Brockbank	kbrockbanki6@a8.net	Female	248.116.45.67
656	Nicolis	Pontefract	npontefracti7@joomla.org	Male	70.97.63.118
657	Netti	Lytton	nlyttoni8@sohu.com	Female	191.239.9.94
658	Nomi	Fassbender	nfassbenderi9@bravesites.com	Female	245.255.227.192
659	Blayne	Bann	bbannia@ft.com		219.47.146.139
660	Amalle	Lambrick	alambrickib@privacy.gov.au	Female	215.251.82.100
661	Jaymie	Kennedy	jkennedyic@mac.com	Male	185.58.22.97
662	Radcliffe	Beetham	rbeethamid@e-recht24.de		145.29.6.96
663	Ceciley	Teresi	cteresiie@ebay.com		183.217.216.173
664	Adi	Vautre	avautreif@youku.com	Female	135.54.75.132
665	Britta	Scudder	bscudderig@posterous.com	Female	86.29.104.144
666	Crista	Bazely	cbazelyih@sogou.com	Female	204.121.241.166
667	Stacee	McMorran	smcmorranii@symantec.com		234.110.13.64
668	Vassily	Huertas	vhuertasij@bizjournals.com	Male	28.38.60.149
669	Devland	Haukey	dhaukeyik@latimes.com	Male	145.230.191.132
670	Zondra	Mathiasen	zmathiasenil@networksolutions.com	Female	150.235.130.54
671	Kessiah	Wildor	kwildorim@army.mil		154.115.73.175
672	Valina	Dykes	vdykesin@mit.edu		235.62.245.120
673	Lindy	Burtonwood	lburtonwoodio@economist.com	Female	9.238.206.91
674	Sayer	Pawlaczyk	spawlaczykip@vistaprint.com		18.204.47.87
675	Si	Blakes	sblakesiq@sciencedaily.com	Male	92.125.207.40
676	Dee dee	Dreghorn	ddreghornir@biblegateway.com	Female	94.93.179.88
677	Montgomery	Gribble	mgribbleis@1688.com		136.47.150.199
678	Leif	Wehden	lwehdenit@google.com.au		119.247.195.52
679	Janot	Matushevich	jmatushevichiu@cbsnews.com	Female	231.193.243.184
680	Sidney	Kalvin	skalviniv@harvard.edu	Male	29.33.143.173
681	Rose	Mabbott	rmabbottiw@tuttocitta.it	Female	97.253.128.224
682	Prue	Jankiewicz	pjankiewiczix@printfriendly.com	Female	153.253.233.37
683	Emelen	Littell	elittelliy@who.int	Male	58.99.89.128
684	Carmelina	Ivantsov	civantsoviz@pinterest.com	Female	65.122.144.155
685	Claudie	McNabb	cmcnabbj0@admin.ch	Female	198.68.96.110
686	Ulrick	Dowry	udowryj1@rediff.com	Male	150.246.169.112
687	Rikki	Buick	rbuickj2@scribd.com	Male	178.181.136.248
688	Lee	Nel	lnelj3@columbia.edu	Male	182.183.224.46
689	Adolpho	Tunny	atunnyj4@wsj.com	Male	102.151.239.219
690	Granger	Allington	gallingtonj5@sina.com.cn	Male	9.255.128.146
691	Gianna	Botcherby	gbotcherbyj6@wp.com	Female	4.158.5.183
692	Jemie	Guswell	jguswellj7@icio.us	Female	112.17.112.123
693	Frankie	Gerhartz	fgerhartzj8@yolasite.com	Male	181.247.136.108
694	Cornelius	Cossam	ccossamj9@disqus.com	Male	251.8.50.27
695	Melosa	McLaren	mmclarenja@icq.com		123.122.248.65
696	Faythe	Coulling	fcoullingjb@bloglines.com		56.201.101.103
697	Banky	Minard	bminardjc@seesaa.net	Male	112.110.152.150
698	Harvey	Jahn	hjahnjd@weather.com	Male	234.91.240.140
699	Clarie	Haugh	chaughje@free.fr	Female	144.176.16.254
700	Heida	Ponten	hpontenjf@joomla.org	Female	151.99.87.250
701	Malachi	Swatradge	mswatradgejg@thetimes.co.uk	Male	239.39.175.45
702	Karlens	Stockill	kstockilljh@blogtalkradio.com	Male	161.229.220.208
703	Kaila	Skoggings	kskoggingsji@merriam-webster.com		96.18.98.209
704	Morse	Demongeot	mdemongeotjj@seattletimes.com		55.246.76.178
705	Kissie	Matousek	kmatousekjk@mac.com	Female	162.122.193.44
706	Gaby	Lipyeat	glipyeatjl@trellian.com	Male	51.188.27.230
707	Camille	Kydd	ckyddjm@elpais.com	Female	149.95.37.214
708	Sindee	Braunfeld	sbraunfeldjn@bandcamp.com	Female	161.33.40.61
709	Wilfrid	Valente	wvalentejo@networksolutions.com		172.93.124.23
710	Pebrook	Whitcombe	pwhitcombejp@sun.com	Male	179.66.89.49
711	Hanson	Bennike	hbennikejq@marriott.com	Male	191.55.247.87
712	Issiah	Wellwood	iwellwoodjr@engadget.com	Male	224.93.128.78
713	Candra	Sprague	cspraguejs@tumblr.com		23.195.93.154
714	Berget	Cauldwell	bcauldwelljt@amazonaws.com	Female	229.142.189.55
715	Foss	Wroth	fwrothju@goo.gl	Male	33.48.126.186
716	Eddie	Bezzant	ebezzantjv@virginia.edu		238.241.129.79
717	Dreddy	Butterley	dbutterleyjw@xing.com	Female	97.249.225.53
718	Tabbatha	Hughlock	thughlockjx@java.com	Female	52.109.137.34
719	Davie	Gater	dgaterjy@washingtonpost.com	Male	50.73.156.19
720	Kacy	Cruickshanks	kcruickshanksjz@gnu.org		91.87.144.58
721	Zachariah	Vodden	zvoddenk0@salon.com	Male	102.42.224.29
722	Susana	Matas	smatask1@berkeley.edu	Female	51.20.167.113
723	Dal	Yurygyn	dyurygynk2@prnewswire.com	Male	37.17.171.135
724	Christen	Newbatt	cnewbattk3@harvard.edu	Female	118.161.34.253
725	Gert	Ashe	gashek4@list-manage.com	Female	76.24.130.229
726	Gabbey	Verryan	gverryank5@t-online.de	Female	55.135.201.201
727	Nikos	Lakes	nlakesk6@reuters.com	Male	226.142.248.230
728	Evelyn	Laughton	elaughtonk7@squarespace.com	Male	250.83.38.20
729	Jenna	McIlhagga	jmcilhaggak8@bloglovin.com		201.98.173.106
730	Cayla	Ringham	cringhamk9@bandcamp.com	Female	139.221.186.4
731	Fraze	Grocock	fgrocockka@comcast.net	Male	84.111.158.208
732	Flory	Esch	feschkb@disqus.com	Male	124.10.115.182
733	Merv	Odegaard	modegaardkc@un.org	Male	253.85.105.96
734	Nicol	Bunnell	nbunnellkd@chicagotribune.com	Male	209.185.26.193
735	Xymenes	Mishaw	xmishawke@lulu.com	Male	43.9.227.157
736	Augy	Lumsden	alumsdenkf@slideshare.net	Male	132.73.107.125
737	Eustacia	Northwood	enorthwoodkg@phoca.cz	Female	173.216.58.205
738	Sukey	Blackleech	sblackleechkh@behance.net		9.120.114.165
739	Alvan	Tellenbrok	atellenbrokki@nyu.edu	Male	177.245.64.167
740	Farly	Fullicks	ffullickskj@gravatar.com	Male	72.68.167.225
741	Derwin	Whittam	dwhittamkk@mozilla.org	Male	95.171.191.97
742	Efren	Macenzy	emacenzykl@intel.com	Male	78.195.210.131
743	Boniface	Oxlade	boxladekm@sphinn.com	Male	178.249.121.199
744	Emily	Gottelier	egottelierkn@google.com	Female	78.199.232.226
745	Morly	Meriet	mmerietko@constantcontact.com	Male	36.244.11.88
746	Griffin	Loosemore	gloosemorekp@sciencedaily.com	Male	135.116.16.180
747	Bastien	Sunter	bsunterkq@123-reg.co.uk	Male	114.119.232.217
748	Shayna	Truggian	struggiankr@gravatar.com		156.53.193.23
749	Paige	Valintine	pvalintineks@apple.com	Female	207.48.87.9
750	Teddy	Krzysztofiak	tkrzysztofiakkt@cisco.com	Female	105.173.159.1
751	Emmalynn	Gunn	egunnku@etsy.com	Female	82.218.137.8
752	Bartel	Jordin	bjordinkv@chron.com	Male	42.127.40.147
753	Nydia	Force	nforcekw@meetup.com	Female	36.59.119.63
754	Edan	MacAleese	emacaleesekx@slashdot.org		109.16.139.231
755	Fred	Kenealy	fkenealyky@surveymonkey.com	Male	238.37.220.79
756	Tasia	Kluss	tklusskz@hud.gov	Female	218.42.186.91
757	Liz	Behling	lbehlingl0@about.com	Female	188.108.8.116
758	Averil	Cains	acainsl1@aol.com	Male	158.137.138.74
759	Wernher	Seymour	wseymourl2@moonfruit.com	Male	90.8.249.173
760	Paco	Newlin	pnewlinl3@cbc.ca	Male	128.101.176.88
761	Peyton	Braker	pbrakerl4@unesco.org	Male	208.228.213.249
762	Angelika	Jansema	ajansemal5@google.fr	Female	233.19.172.137
763	Adorne	Coneron	aconeronl6@sitemeter.com	Female	84.103.209.230
764	Lucia	Haresign	lharesignl7@cisco.com	Female	68.4.238.93
765	Granville	Dutchburn	gdutchburnl8@themeforest.net	Male	118.162.57.79
766	Chandal	Tejero	ctejerol9@dedecms.com	Female	36.209.151.123
767	Waiter	Di Bartolomeo	wdibartolomeola@google.ru	Male	127.155.160.173
768	Connor	Carlino	ccarlinolb@sciencedaily.com	Male	105.95.27.127
769	Mirna	Pannett	mpannettlc@unicef.org	Female	60.50.93.88
770	Annie	Yerrall	ayerrallld@unicef.org	Female	4.240.254.94
771	Tracey	Habbert	thabbertle@msu.edu	Female	184.185.27.128
772	Portia	Wanley	pwanleylf@mashable.com	Female	45.198.97.251
773	Jonell	Wince	jwincelg@artisteer.com	Female	144.174.201.86
774	Sella	McCloud	smccloudlh@huffingtonpost.com	Female	88.48.117.153
775	Normy	Rollings	nrollingsli@sun.com	Male	11.104.142.95
776	Minnnie	Banbrook	mbanbrooklj@fda.gov	Female	198.32.189.134
777	Rebekkah	Aguirrezabal	raguirrezaballk@theglobeandmail.com	Female	113.157.32.113
778	Brady	Pykett	bpykettll@list-manage.com	Male	86.29.28.143
779	Parrnell	Rizzello	prizzellolm@jalbum.net	Male	9.17.170.176
780	Phip	Livingstone	plivingstoneln@trellian.com	Male	60.160.74.85
781	Ram	Wear	rwearlo@cbc.ca		183.117.4.8
782	Bernarr	Kilbourn	bkilbournlp@devhub.com	Male	163.152.94.94
783	Ernie	Kenna	ekennalq@yahoo.com	Male	71.15.37.139
784	Arte	Node	anodelr@is.gd	Male	29.12.65.249
785	Jaquenette	Kinkade	jkinkadels@imgur.com	Female	6.109.33.59
786	Jacquelynn	Curness	jcurnesslt@bloglines.com	Female	216.172.231.32
787	Selinda	Rieme	sriemelu@eepurl.com	Female	237.38.61.190
788	Emilio	McKibbin	emckibbinlv@google.co.uk	Male	12.254.122.34
789	Ileane	Sargent	isargentlw@shutterfly.com	Female	117.126.27.109
790	Jemie	Bourner	jbournerlx@sun.com	Female	103.4.44.8
791	Toni	Eyes	teyesly@patch.com		38.179.87.109
792	Anjanette	Sehorsch	asehorschlz@hud.gov	Female	124.41.193.102
793	Lutero	De Lascy	ldelascym0@un.org		182.55.116.46
794	Nanette	Askie	naskiem1@bandcamp.com	Female	251.67.61.152
795	Willi	Ganter	wganterm2@squarespace.com		97.44.22.156
796	Waverly	Gildersleaves	wgildersleavesm3@usatoday.com	Male	92.50.55.222
797	Kacey	Pereira	kpereiram4@cnbc.com	Female	84.40.108.38
798	Caldwell	Mallia	cmalliam5@dot.gov	Male	195.81.179.206
799	Ara	Ghione	aghionem6@seattletimes.com	Female	109.37.219.97
800	Job	Hannabus	jhannabusm7@discovery.com	Male	196.131.218.203
801	Harrietta	MacKeever	hmackeeverm8@mayoclinic.com	Female	118.169.138.120
802	Mario	Crippell	mcrippellm9@mtv.com	Male	114.47.62.42
803	Kincaid	Olivella	kolivellama@xing.com	Male	250.7.88.160
804	Ardenia	McGuire	amcguiremb@ox.ac.uk	Female	89.218.232.55
805	Dyann	Hazelden	dhazeldenmc@chicagotribune.com	Female	182.30.106.16
806	Lilias	Crellim	lcrellimmd@lycos.com	Female	10.243.166.81
807	Val	Reynolds	vreynoldsme@nps.gov	Male	244.237.220.107
808	Jaclyn	Rizzardo	jrizzardomf@mit.edu	Female	68.91.32.228
809	Valentine	Buggs	vbuggsmg@phpbb.com	Female	99.180.154.99
810	Sharai	Angeau	sangeaumh@businessweek.com	Female	11.243.151.249
811	Kore	Rendall	krendallmi@lycos.com	Female	6.85.23.87
812	Nydia	Cayet	ncayetmj@pcworld.com	Female	130.253.147.10
813	Diane	Snoding	dsnodingmk@bing.com	Female	61.252.227.159
814	Tabbie	Magowan	tmagowanml@addthis.com	Male	142.83.200.179
815	Grayce	Lyttle	glyttlemm@discovery.com	Female	51.169.148.119
816	Minnie	Rodie	mrodiemn@addthis.com	Female	80.207.229.17
817	Nerty	Judge	njudgemo@cnbc.com		21.19.41.80
818	Knox	Sandlin	ksandlinmp@facebook.com	Male	61.176.77.220
819	Chevy	Petroff	cpetroffmq@shareasale.com		249.218.163.205
820	Randolf	McCoughan	rmccoughanmr@ifeng.com	Male	174.201.22.244
821	Brennen	Edmeads	bedmeadsms@discuz.net	Male	198.87.255.65
822	Tressa	Rocks	trocksmt@prweb.com	Female	234.107.215.215
823	Georas	Konert	gkonertmu@uol.com.br	Male	36.35.85.221
824	Halsy	Earry	hearrymv@icio.us	Male	233.112.166.227
825	Korella	Blasiak	kblasiakmw@abc.net.au	Female	108.88.64.109
826	Hardy	Tomasoni	htomasonimx@netvibes.com	Male	116.133.161.12
827	Christine	Farra	cfarramy@sciencedaily.com	Female	90.60.40.222
828	Kristien	Dufoure	kdufouremz@hexun.com	Female	183.120.31.46
829	Bowie	Hadkins	bhadkinsn0@businesswire.com	Male	67.248.115.166
830	Korey	Barthel	kbartheln1@latimes.com	Male	164.32.229.16
831	Raddie	Colkett	rcolkettn2@addtoany.com	Male	7.206.54.180
832	Emyle	Healeas	ehealeasn3@ezinearticles.com		78.46.199.226
833	Garik	Kielt	gkieltn4@youku.com	Male	39.69.104.148
834	Laraine	Nicholes	lnicholesn5@answers.com	Female	133.97.197.229
835	Zorana	Derricoat	zderricoatn6@live.com	Female	245.251.85.99
836	Midge	Matchell	mmatchelln7@scientificamerican.com	Female	250.250.224.22
837	Jaquenette	Sutherland	jsutherlandn8@japanpost.jp	Female	21.9.22.60
838	Harry	Swait	hswaitn9@sourceforge.net	Male	95.134.116.129
839	Aili	Ahlin	aahlinna@slideshare.net	Female	60.251.36.6
840	Grace	Berriball	gberriballnb@jigsy.com	Male	243.212.180.207
841	Stephannie	Kleinlerer	skleinlerernc@webeden.co.uk		93.46.241.17
842	Filmer	Philipeau	fphilipeaund@amazon.com	Male	229.203.139.179
843	Creigh	Haggett	chaggettne@rediff.com	Male	68.180.64.181
844	Rhiamon	Knocker	rknockernf@unicef.org	Female	103.62.139.32
845	Lynnet	Mateuszczyk	lmateuszczykng@tiny.cc		91.153.133.230
846	Dorothy	Ruffli	drufflinh@seesaa.net	Female	2.170.66.190
847	Sheri	Skelton	sskeltonni@scribd.com	Female	190.84.178.24
848	Hattie	Leppingwell	hleppingwellnj@slideshare.net	Female	232.25.145.220
849	Early	McCarly	emccarlynk@slideshare.net	Male	133.65.11.191
850	Ryun	Thurman	rthurmannl@intel.com	Male	243.101.177.115
851	Darryl	Livermore	dlivermorenm@forbes.com	Female	119.97.118.246
852	Moira	Mackney	mmackneynn@addthis.com	Female	16.30.25.106
853	Barbra	Battlestone	bbattlestoneno@yahoo.com		151.56.6.160
854	Zeke	Scotti	zscottinp@dailymotion.com	Male	68.216.238.152
855	Karina	Swanwick	kswanwicknq@walmart.com	Female	221.96.90.181
856	Roselle	Jeannin	rjeanninnr@sphinn.com	Female	161.222.9.68
857	Jaine	McIver	jmciverns@skyrock.com	Female	103.194.46.178
858	Bale	Shanklin	bshanklinnt@plala.or.jp		92.21.76.18
859	Adriena	Huchot	ahuchotnu@amazon.com		234.128.204.87
860	Sinclair	Yude	syudenv@ucoz.ru	Male	21.24.109.54
861	Mela	Crocetto	mcrocettonw@newyorker.com	Female	42.79.177.178
862	Cherilynn	Jasik	cjasiknx@ox.ac.uk	Female	246.10.151.238
863	Selia	Charter	scharterny@theguardian.com	Female	46.155.16.160
864	Paquito	Bainbrigge	pbainbriggenz@mapquest.com	Male	133.220.148.177
865	Jo-ann	Lyddiatt	jlyddiatto0@mysql.com	Female	104.125.172.172
866	Garey	Byer	gbyero1@google.it	Male	96.114.254.126
867	Vilhelmina	Cramer	vcramero2@ucoz.com	Female	184.255.77.174
868	Lynnet	Baldwin	lbaldwino3@webs.com	Female	115.229.174.89
869	Dayna	McCallam	dmccallamo4@mapy.cz	Female	139.20.80.31
870	Damiano	Gwillym	dgwillymo5@kickstarter.com	Male	48.17.57.96
871	Hilary	Beamiss	hbeamisso6@amazon.co.jp	Male	48.217.181.115
872	Joellyn	Sabatier	jsabatiero7@slideshare.net	Female	208.23.9.182
873	Eolande	Minear	eminearo8@amazon.co.jp		16.211.31.40
874	Jeremy	Parratt	jparratto9@mozilla.com	Male	215.97.221.216
875	Terry	Gyrgorwicx	tgyrgorwicxoa@topsy.com	Male	123.250.245.28
876	Zelma	Corfield	zcorfieldob@usgs.gov	Female	134.156.142.142
877	Lilas	Trundler	ltrundleroc@tinypic.com	Female	67.216.67.45
878	Isacco	Whitmore	iwhitmoreod@google.co.jp	Male	31.91.59.147
879	Sibylle	Gotcher	sgotcheroe@unblog.fr	Female	181.218.200.95
880	Vally	Atchly	vatchlyof@usnews.com	Female	115.191.78.18
881	Sapphire	Kittley	skittleyog@businessweek.com	Female	7.149.88.2
882	Fairlie	Northage	fnorthageoh@vkontakte.ru	Male	251.29.183.14
883	Gerry	Skaid	gskaidoi@bigcartel.com	Male	152.22.240.153
884	Baudoin	Gillebert	bgillebertoj@reuters.com	Male	192.40.30.60
885	Burch	Stinton	bstintonok@wikipedia.org	Male	254.159.41.207
886	Marget	Switland	mswitlandol@state.tx.us	Female	173.208.48.220
887	Almeda	Wilkinson	awilkinsonom@slashdot.org	Female	136.26.246.18
888	Wright	Carnegie	wcarnegieon@businessinsider.com	Male	155.210.127.187
889	Perri	Rosander	prosanderoo@admin.ch		73.115.43.9
890	Chaddy	Sidry	csidryop@weibo.com	Male	20.29.6.152
891	Sheila	Facher	sfacheroq@weather.com	Female	175.54.15.95
892	Mason	Beaby	mbeabyor@purevolume.com	Male	0.207.216.44
893	Christan	Abels	cabelsos@admin.ch	Female	194.50.49.133
894	Matilda	Butchard	mbutchardot@flickr.com		142.181.73.137
895	Zerk	Ballinger	zballingerou@imageshack.us		175.53.218.29
896	Heloise	Keyte	hkeyteov@msn.com	Female	38.27.197.59
897	Dulsea	Kirton	dkirtonow@nbcnews.com	Female	146.2.54.174
898	Howie	Luthwood	hluthwoodox@jalbum.net		155.209.145.123
899	De witt	Ryson	drysonoy@blogtalkradio.com	Male	116.233.98.117
900	Felipa	Quainton	fquaintonoz@last.fm	Female	58.72.42.119
901	Tammi	Matusson	tmatussonp0@t.co	Female	113.142.64.171
902	Carlynn	Tow	ctowp1@twitter.com	Female	107.116.177.125
903	Vaughn	Corbie	vcorbiep2@tiny.cc	Male	229.233.128.241
904	Kaela	Trowler	ktrowlerp3@sakura.ne.jp	Female	6.137.7.169
905	Darline	Emmett	demmettp4@java.com	Female	91.245.38.26
906	Cesar	Strongitharm	cstrongitharmp5@lulu.com	Male	128.106.6.144
907	Kienan	Kunkel	kkunkelp6@goodreads.com	Male	77.211.87.196
908	Harwell	Berzen	hberzenp7@comsenz.com	Male	133.175.129.238
909	Salli	Emblem	semblemp8@chron.com	Female	191.251.192.1
910	Indira	McCarrick	imccarrickp9@dropbox.com	Female	76.130.6.187
911	Ernestine	Warlton	ewarltonpa@sohu.com	Female	109.174.224.8
912	Haze	Whybrow	hwhybrowpb@amazon.de	Male	105.184.115.8
913	Melvin	Wychard	mwychardpc@hubpages.com	Male	24.153.89.30
914	Mervin	Rosenbusch	mrosenbuschpd@eepurl.com	Male	26.131.98.209
915	Pierce	Bambridge	pbambridgepe@mozilla.org	Male	50.159.108.106
916	Wylma	Griniov	wgriniovpf@ed.gov	Female	118.223.167.114
917	Adriana	Tevlin	atevlinpg@ihg.com	Female	77.235.81.86
918	Malinde	Nacey	mnaceyph@ft.com	Female	59.148.26.176
919	Heinrick	Noor	hnoorpi@usatoday.com	Male	158.229.115.57
920	Aurelia	Tamburi	atamburipj@naver.com	Female	178.8.190.57
921	Agnesse	Mc Caghan	amccaghanpk@dyndns.org	Female	219.13.141.152
922	Farlie	Pauluzzi	fpauluzzipl@com.com	Male	251.213.74.211
923	Trever	Greg	tgregpm@hc360.com	Male	22.204.244.109
924	Brianne	Hordle	bhordlepn@elpais.com		243.94.221.37
925	Paddie	Pierce	ppiercepo@harvard.edu		155.23.94.108
926	Mona	Gisby	mgisbypp@w3.org	Female	216.212.112.221
927	Tobin	Reedy	treedypq@ameblo.jp	Male	148.199.13.97
928	Pris	Mattusov	pmattusovpr@guardian.co.uk	Female	161.46.182.168
929	Junie	Hughman	jhughmanps@storify.com	Female	120.157.104.204
930	Conant	Bilsborrow	cbilsborrowpt@dailymotion.com	Male	251.66.182.239
931	Shea	Jagoe	sjagoepu@techcrunch.com	Male	73.208.46.60
932	Julie	Grunder	jgrunderpv@arizona.edu		173.89.28.240
933	Dorris	MacDermand	dmacdermandpw@soundcloud.com	Female	76.177.39.38
934	Rycca	Southern	rsouthernpx@pagesperso-orange.fr	Female	176.67.103.191
935	Johnette	Charge	jchargepy@angelfire.com	Female	218.242.127.248
936	Milzie	Philcock	mphilcockpz@cornell.edu	Female	181.129.226.44
937	Nealy	Frid	nfridq0@tinypic.com	Male	46.80.32.109
938	Rosalyn	Connechy	rconnechyq1@sitemeter.com	Female	245.235.238.154
939	Jarad	Barhems	jbarhemsq2@vk.com	Male	59.77.105.246
940	Abby	Collidge	acollidgeq3@flickr.com	Male	115.6.24.15
941	Dulce	Rainbow	drainbowq4@thetimes.co.uk	Female	244.202.115.33
942	Ned	Grundle	ngrundleq5@i2i.jp	Male	187.147.3.72
943	Gertie	Garrelts	ggarreltsq6@ehow.com	Female	212.71.147.59
944	Galven	Dawton	gdawtonq7@desdev.cn	Male	188.230.32.104
945	Dell	Baudesson	dbaudessonq8@un.org	Male	96.180.5.61
946	Andrey	Filipson	afilipsonq9@examiner.com	Male	87.217.168.198
947	Winnifred	Lowe	wloweqa@issuu.com	Female	126.220.100.2
948	Natal	Shapcote	nshapcoteqb@nps.gov	Male	231.124.229.181
949	Van	Brewis	vbrewisqc@newyorker.com	Female	139.126.30.92
950	Madeleine	Ladlow	mladlowqd@omniture.com	Female	161.108.49.209
951	Zachary	McBrearty	zmcbreartyqe@sciencedaily.com	Male	205.32.7.140
952	Romeo	Goneau	rgoneauqf@angelfire.com		197.149.1.208
953	Ryon	Caddens	rcaddensqg@mediafire.com	Male	195.76.97.140
954	Grantham	MacWilliam	gmacwilliamqh@prweb.com	Male	35.127.136.25
955	Davidde	Boik	dboikqi@nymag.com	Male	107.203.5.103
956	Ethelyn	Dymott	edymottqj@merriam-webster.com	Female	242.65.157.245
957	Huntlee	Shearmur	hshearmurqk@posterous.com	Male	30.77.76.97
958	Northrop	Berceros	nbercerosql@bizjournals.com	Male	145.42.5.207
959	Jilli	Vieyra	jvieyraqm@ezinearticles.com	Female	80.155.169.94
960	Merna	Ashington	mashingtonqn@friendfeed.com	Female	114.110.239.140
961	Gaylord	Kettles	gkettlesqo@ibm.com		108.221.216.120
962	Terrance	Sidon	tsidonqp@google.nl	Male	218.222.132.32
963	Peggi	Kensitt	pkensittqq@prweb.com	Female	254.103.45.185
964	Laurie	Haverty	lhavertyqr@cisco.com	Male	159.250.231.122
965	Haven	Ossenna	hossennaqs@apple.com	Male	176.2.117.134
966	Rouvin	Postin	rpostinqt@cyberchimps.com	Male	221.130.35.173
967	Mahmud	Conachy	mconachyqu@about.me	Male	148.221.118.241
968	Alisha	Dickman	adickmanqv@fotki.com	Female	250.245.223.157
969	Dennie	Lohde	dlohdeqw@earthlink.net		119.74.239.23
970	Bobinette	Snowdon	bsnowdonqx@blogspot.com	Female	42.50.206.14
971	Dorie	Bloor	dbloorqy@example.com	Male	112.157.117.176
972	Gonzales	Renahan	grenahanqz@marketwatch.com	Male	74.210.105.100
973	Mabelle	Rastall	mrastallr0@ezinearticles.com	Female	214.134.130.141
974	Florenza	McCullum	fmccullumr1@uol.com.br	Female	220.122.251.123
975	Keary	Olech	kolechr2@cornell.edu	Male	46.223.251.67
976	Isa	Havelin	ihavelinr3@sun.com	Male	162.209.162.223
977	Charlotte	Bruckman	cbruckmanr4@sohu.com	Female	178.93.225.35
978	Brocky	Swetenham	bswetenhamr5@mozilla.com	Male	168.255.172.52
979	Roxy	Issac	rissacr6@ezinearticles.com	Female	214.13.208.89
980	Trixi	Sivewright	tsivewrightr7@howstuffworks.com	Female	46.180.108.212
981	Sheilakathryn	Halsey	shalseyr8@mail.ru	Female	21.153.50.236
982	Smitty	Elgie	selgier9@pagesperso-orange.fr	Male	47.74.158.18
983	Nathalia	McCrainor	nmccrainorra@cargocollective.com	Female	111.143.107.128
984	Valle	Alloisi	valloisirb@google.com	Male	43.11.140.58
985	Wash	Spatoni	wspatonirc@toplist.cz	Male	80.218.76.96
986	Edithe	Laverty	elavertyrd@rambler.ru		145.102.99.133
987	Alikee	Yglesia	ayglesiare@pagesperso-orange.fr		187.48.124.169
988	Allyce	Storrs	astorrsrf@furl.net		87.221.10.152
989	Rowney	Mountlow	rmountlowrg@umich.edu	Male	183.212.8.31
990	Alisa	Slamaker	aslamakerrh@xing.com	Female	213.188.113.46
991	Benni	Works	bworksri@webmd.com	Female	4.216.86.164
992	Rogers	Wallentin	rwallentinrj@icio.us	Male	135.159.230.220
993	Samuel	Rofe	sroferk@homestead.com		76.189.233.166
994	Glenn	Gaymer	ggaymerrl@istockphoto.com	Male	248.247.250.134
995	Serena	De Lasci	sdelascirm@examiner.com	Female	237.116.38.184
996	Gasper	Symers	gsymersrn@51.la	Male	151.175.192.106
997	Sisely	Krzyzowski	skrzyzowskiro@livejournal.com	Female	60.99.187.213
998	Bendicty	Moreno	bmorenorp@sakura.ne.jp	Male	35.235.245.15
999	Merwin	Teek	mteekrq@biglobe.ne.jp	Male	23.167.135.99
1000	Tito	Garlett	tgarlettrr@technorati.com	Male	205.56.173.74